Delta,Time,CPU_FREQUENCY_0,CPU_FREQUENCY_1,CPU_FREQUENCY_10,CPU_FREQUENCY_11,CPU_FREQUENCY_12,CPU_FREQUENCY_13,CPU_FREQUENCY_14,CPU_FREQUENCY_15,CPU_FREQUENCY_2,CPU_FREQUENCY_3,CPU_FREQUENCY_4,CPU_FREQUENCY_5,CPU_FREQUENCY_6,CPU_FREQUENCY_7,CPU_FREQUENCY_8,CPU_FREQUENCY_9,CPU_USAGE_0,CPU_USAGE_1,CPU_USAGE_10,CPU_USAGE_11,CPU_USAGE_12,CPU_USAGE_13,CPU_USAGE_14,CPU_USAGE_15,CPU_USAGE_2,CPU_USAGE_3,CPU_USAGE_4,CPU_USAGE_5,CPU_USAGE_6,CPU_USAGE_7,CPU_USAGE_8,CPU_USAGE_9,DRAM_ENERGY (J),GPU0_MEMORY_TOTAL,GPU0_MEMORY_USED,GPU0_POWER (mWatts),GPU0_TEMPERATURE,GPU0_USAGE,PACKAGE_ENERGY (J),PP0_ENERGY (J),PP1_ENERGY (J),TOTAL_MEMORY,TOTAL_SWAP,USED_MEMORY,USED_SWAP
0,1774612547906,2124,2124,2124,2124,2124,2124,2124,2124,2124,2124,2124,2124,2124,2124,2124,2124,5.263157844543457,0,2.5641026496887207,2.6315789222717285,5.263157844543457,5.128205299377441,2.6315789222717285,2.6315789222717285,7.894736289978027,0,2.6315789222717285,2.6315789222717285,0,2.6315789222717285,2.6315789222717285,2.702702760696411,0,8192,4240,65351,69,0,72508.0444946289,47394.23620605469,1630.953125,33293438976,8589930496,5184659456,1067855872
200,1774612547907,2124,2124,2124,2124,2124,2124,2124,2124,2124,2124,2124,2124,2124,2124,2124,2124,5.263157844543457,0,2.5641026496887207,2.6315789222717285,5.263157844543457,5.128205299377441,2.6315789222717285,2.6315789222717285,7.894736289978027,0,2.6315789222717285,2.6315789222717285,0,2.6315789222717285,2.6315789222717285,2.702702760696411,0,8192,4240,65351,69,0,72508.30712890625,47394.38134765625,1630.953125,33293438976,8589930496,5184659456,1067855872
200,1774612548107,2124,2124,2124,2124,2124,2124,2124,2124,2124,2124,2124,2124,2124,2124,2124,2124,0,0,0,88,0,0,0,4,20.833332061767578,0,0,0,0,0,0,0,0,8192,4240,53338,68,0,72510.47271728516,47395.54626464844,1630.9600830078125,33293438976,8589930496,5205200896,1067855872
200,1774612548307,2124,2124,2124,2124,2124,2124,2124,2124,2124,2124,2124,2124,2124,2124,2124,2124,0,42.85714340209961,0,5.263157844543457,4.761904716491699,0,0,0,5.263157844543457,0,52.38095474243164,0,4.761904716491699,0,10,0,0,8192,4240,45409,68,0,72512.74230957031,47396.851806640625,1630.9600830078125,33293438976,8589930496,5209071616,1067851776
200,1774612548507,2124,2124,2124,2124,2124,2124,2124,2124,2124,2124,2124,2124,2124,2124,2124,2124,5,55,5,4.761904716491699,0,0,38.095237731933594,0,14.285715103149414,5,15.000000953674316,10,0,5,0,5,0,8192,4240,41120,68,0,72515.08612060547,47398.22540283203,1630.9617919921875,33293438976,8589930496,5209776128,1067851776
200,1774612548707,2124,2124,2124,2124,2124,2124,2124,2124,2124,2124,2124,2124,2124,2124,2124,2124,15.000000953674316,25,5,5.263157844543457,0,4.761904716491699,73.68421173095703,5,10,0,0,0,4.761904716491699,0,5,0,0,8192,4240,41016,68,0,72517.56018066406,47399.72686767578,1630.96435546875,33293438976,8589930496,5219491840,1067851776
200,1774612548907,2124,2124,2124,2124,2124,2124,2124,2124,2124,2124,2124,2124,2124,2124,2124,2124,5,0,5,4.761904716491699,0,0,0,33.333335876464844,14.285715103149414,0,0,0,66.66667175292969,0,5,0,0,8192,4240,41049,68,0,72519.77471923828,47400.971252441406,1630.96435546875,33293438976,8589930496,5363339264,1067851776
200,1774612549107,2124,2124,2124,2124,2124,2124,2124,2124,2124,2124,2124,2124,2124,2124,2124,2124,5,0,0,0,0,0,0,5,5.263157844543457,0,60.000003814697266,4.761904716491699,0,0,40,0,0,8192,4240,40942,68,0,72522.01220703125,47402.233947753906,1630.96435546875,33293438976,8589930496,5433442304,1067851776
199,1774612549308,2124,2124,2124,2124,2124,2124,2124,2124,2124,2124,2124,2124,2124,2124,2124,2124,0,0,0,5,30.000001907348633,0,5,0,5.263157844543457,65,35,0,0,0,0,0,0,8192,4415,39293,67,0,72524.265625,47403.49523925781,1630.9676513671875,33293438976,8589930496,5519548416,1067835392
200,1774612549508,2124,2124,2124,2124,2124,2124,2124,2124,2124,2124,2124,2124,2124,2124,2124,2124,0,0,0,0,23.809524536132813,0,0,4.761904716491699,9.523809432983398,95,0,0,0,0,0,4.761904716491699,0,8192,4433,37372,67,5,72526.54864501953,47404.789489746094,1630.9676513671875,33293438976,8589930496,5667119104,1067835392
200,1774612549708,2124,2124,2124,2124,2124,2124,2124,2124,2124,2124,2124,2124,2124,2124,2124,2124,0,5,0,5,0,4.761904716491699,0,0,10,65,20,0,0,0,4.761904716491699,0,0,8192,4433,35474,67,0,72528.63623046875,47405.903869628906,1630.9676513671875,33293438976,8589930496,5570826240,1067835392
199,1774612549908,2124,2124,2124,2124,2124,2124,2124,2124,2124,2124,2124,2124,2124,2124,2124,2124,0,0,0,0,0,0,0,0,10,0,52.38095474243164,4.761904716491699,0,5,0,0,0,8192,554,34122,67,28,72530.46362304688,47406.75469970703,1630.97802734375,33293438976,8589930496,4673863680,1067835392
199,1774612550108,2124,2124,2124,2124,2124,2124,2124,2124,2124,2124,2124,2124,2124,2124,2124,2124,0,0,0,0,47.619049072265625,0,9.523809432983398,0,31.57894515991211,9.523809432983398,0,0,0,0,0,5.263157844543457,0,8192,554,33997,67,2,72532.68908691406,47407.988708496094,1630.97802734375,33293438976,8589930496,4861288448,1067835392
199,1774612550308,2124,2124,2124,2124,2124,2124,2124,2124,2124,2124,2124,2124,2124,2124,2124,2124,0,15.000000953674316,5,0,0,0,0,0,25,5.263157844543457,0,0,30.000001907348633,50,0,0,0,8192,554,34801,67,0,72535.07025146484,47409.40075683594,1630.97802734375,33293438976,8589930496,4914343936,1067835392
199,1774612550508,2124,2124,2124,2124,2124,2124,2124,2124,2124,2124,2124,2124,2124,2124,2124,2124,5,72.7272720336914,9.523809432983398,35,0,5,36.842105865478516,5,0,10,0,9.523809432983398,9.523809432983398,30.000001907348633,5,5,0,8192,554,36459,67,0,72537.99334716797,47411.28894042969,1630.9815673828125,33293438976,8589930496,4881190912,1067831296
199,1774612550708,2124,2124,2124,2124,2124,2124,2124,2124,2124,2124,2124,2124,2124,2124,2124,2124,0,0,0,25,4.761904716491699,0,9.523809432983398,0,0,14.285715103149414,0,0,0,71.42857360839844,0,4.761904716491699,0,8192,554,38310,67,0,72540.32421875,47412.63348388672,1630.9815673828125,33293438976,8589930496,4930375680,1067831296
199,1774612550908,2124,2124,2124,2124,2124,2124,2124,2124,2124,2124,2124,2124,2124,2124,2124,2124,5,0,0,52.6315803527832,5.263157844543457,5,10.526315689086914,0,5,15.000000953674316,5,35,0,5,0,0,0,8192,6720,39954,67,0,72542.72839355469,47414.054931640625,1630.9815673828125,33293438976,8589930496,4947410944,1067831296
199,1774612551108,2124,2124,2124,2124,2124,2124,2124,2124,2124,2124,2124,2124,2124,2124,2124,2124,4.761904716491699,0,0,100,0,5,0,4.761904716491699,0,10,0,5,0,0,4.761904716491699,0,0,8192,7660,40626,67,2,72544.95513916016,47415.285888671875,1630.9815673828125,33293438976,8589930496,5051080704,1067831296
199,1774612551308,2124,2124,2124,2124,2124,2124,2124,2124,2124,2124,2124,2124,2124,2124,2124,2124,4.761904716491699,0,0,100,0,5,0,4.761904716491699,0,10,0,5,0,0,4.761904716491699,0,0,8192,7662,41136,67,38,72550.18487548828,47419.086486816406,1630.9815673828125,33293438976,8589930496,5908336640,1067831296
199,1774612551509,2124,2124,2124,2124,2124,2124,2124,2124,2124,2124,2124,2124,2124,2124,2124,2124,37.83783721923828,38.46154022216797,37.5,40,42.5,50,40,42.5,50,41.02564239501953,41.02564239501953,50,43.589744567871094,65.78947448730469,42.5,40,0,8192,7664,41977,67,85,72554.78173828125,47422.229248046875,1630.9815673828125,33293438976,8589930496,6229987328,1067831296
199,1774612551709,2124,2124,2124,2124,2124,2124,2124,2124,2124,2124,2124,2124,2124,2124,2124,2124,52.6315803527832,26.3157901763916,33.333335876464844,26.3157901763916,30.000001907348633,20,26.3157901763916,22.22222328186035,36.3636360168457,26.3157901763916,30.000001907348633,65,21.052631378173828,25,21.052631378173828,27.77777862548828,0,8192,7664,42835,67,85,72559.4507446289,47425.430725097656,1630.98291015625,33293438976,8589930496,6568546304,1067831296
199,1774612551909,2124,2124,2124,2124,2124,2124,2124,2124,2124,2124,2124,2124,2124,2124,2124,2124,59.09090805053711,30.000001907348633,25,25,26.3157901763916,22.22222328186035,26.3157901763916,25,25,45,21.052631378173828,30.000001907348633,26.3157901763916,55,20,33.333335876464844,0,8192,7664,43704,67,86,72564.11846923828,47428.63201904297,1630.98291015625,33293438976,8589930496,6848098304,1067831296
200,1774612552109,2124,2124,2124,2124,2124,2124,2124,2124,2124,2124,2124,2124,2124,2124,2124,2124,0,5,5.263157844543457,5,0,5,5.263157844543457,0,0,0,4.761904716491699,0,0,100,5,10,0,8192,7664,43728,67,1,72566.61486816406,47430.06915283203,1630.98291015625,33293438976,8589930496,7187972096,1067831296
200,1774612552309,2124,2124,2124,2124,2124,2124,2124,2124,2124,2124,2124,2124,2124,2124,2124,2124,0,4.761904716491699,14.285715103149414,0,0,0,0,5,0,0,0,0,0,14.285715103149414,4.761904716491699,0,0,8192,7664,43438,67,0,72568.21240234375,47430.69372558594,1631.0103759765625,33293438976,8589930496,7221174272,1067831296
200,1774612552509,2124,2124,2124,2124,2124,2124,2124,2124,2124,2124,2124,2124,2124,2124,2124,2124,30.000001907348633,0,5.263157844543457,0,5.263157844543457,0,0,0,0,4.761904716491699,0,4.761904716491699,0,0,30.000001907348633,0,0,8192,7666,49730,69,100,72570.20593261719,47431.740661621094,1631.015380859375,33293438976,8589930496,7218376704,1067831296
200,1774612552709,2124,2124,2124,2124,2124,2124,2124,2124,2124,2124,2124,2124,2124,2124,2124,2124,20,15.000000953674316,0,20,45,28.571430206298828,5,20,42.105262756347656,15.789472579956055,23.809524536132813,5,36.3636360168457,15.000000953674316,47.36842346191406,21.052631378173828,0,8192,7676,54844,69,46,72573.73602294922,47434.140869140625,1631.015380859375,33293438976,8589930496,7234891776,1067831296
199,1774612552909,2124,2124,2124,2124,2124,2124,2124,2124,2124,2124,2124,2124,2124,2124,2124,2124,5,23.809524536132813,0,0,57.142860412597656,15.789472579956055,9.523809432983398,0,45,42.85714340209961,89.47368621826172,25,35,42.105262756347656,0,30.000001907348633,0,8192,7676,61607,69,58,72577.72827148438,47436.85827636719,1631.0174560546875,33293438976,8589930496,7235727360,1067831296
199,1774612553109,2124,2124,2124,2124,2124,2124,2124,2124,2124,2124,2124,2124,2124,2124,2124,2124,4.761904716491699,20,20,0,45,0,0,0,30.000001907348633,47.36842346191406,100,47.36842346191406,45,45,15.000000953674316,30.000001907348633,0,8192,7676,68874,70,51,72581.8374633789,47439.699951171875,1631.0174560546875,33293438976,8589930496,7250264064,1067831296
200,1774612553309,2124,2124,2124,2124,2124,2124,2124,2124,2124,2124,2124,2124,2124,2124,2124,2124,10.526315689086914,26.3157901763916,0,10.526315689086914,70,0,0,38.095237731933594,14.285715103149414,38.095237731933594,61.904762268066406,47.619049072265625,47.36842346191406,30.000001907348633,30.000001907348633,25,0,8192,7676,75948,69,60,72585.95861816406,47442.61358642578,1631.0174560546875,33293438976,8589930496,7262445568,1067831296
200,1774612553510,2124,2124,2124,2124,2124,2124,2124,2124,2124,2124,2124,2124,2124,2124,2124,2124,20,36.842105865478516,20,4.761904716491699,100,20,5.263157844543457,0,26.3157901763916,10,47.36842346191406,26.3157901763916,38.095237731933594,45,28.571430206298828,5,0,8192,7676,81824,70,55,72589.95825195313,47445.40771484375,1631.0174560546875,33293438976,8589930496,7262674944,1067831296
199,1774612553710,2124,2124,2124,2124,2124,2124,2124,2124,2124,2124,2124,2124,2124,2124,2124,2124,26.3157901763916,45,15.000000953674316,65,68.42105102539063,35,20,0,0,47.619049072265625,10,14.285715103149414,15.789472579956055,42.85714340209961,26.3157901763916,0,0,8192,7676,79823,70,49,72593.90856933594,47448.169982910156,1631.0174560546875,33293438976,8589930496,7280738304,1067831296
199,1774612553910,2124,2124,2124,2124,2124,2124,2124,2124,2124,2124,2124,2124,2124,2124,2124,2124,45,42.85714340209961,15.000000953674316,0,10,5.263157844543457,30.000001907348633,38.095237731933594,5,47.36842346191406,55,40,15.000000953674316,90,0,4.761904716491699,0,8192,7676,79629,70,44,72597.95068359375,47451.012939453125,1631.0174560546875,33293438976,8589930496,7280992256,1067831296
199,1774612554110,2124,2124,2124,2124,2124,2124,2124,2124,2124,2124,2124,2124,2124,2124,2124,2124,42.105262756347656,10,20,0,40,38.095237731933594,25,40,25,5,80,10,15.789472579956055,30.000001907348633,0,35,0,8192,7676,80545,70,42,72601.88934326172,47453.76013183594,1631.0174560546875,33293438976,8589930496,7280992256,1067831296
199,1774612554310,2124,2124,2124,2124,2124,2124,2124,2124,2124,2124,2124,2124,2124,2124,2124,2124,47.619049072265625,10,55,0,68.42105102539063,45,10.526315689086914,0,15.000000953674316,0,80,10,38.095237731933594,47.36842346191406,4.761904716491699,36.842105865478516,0,8192,7676,81621,70,47,72605.99920654297,47456.65545654297,1631.0174560546875,33293438976,8589930496,7280992256,1067831296
200,1774612554510,2124,2124,2124,2124,2124,2124,2124,2124,2124,2124,2124,2124,2124,2124,2124,2124,26.3157901763916,15.000000953674316,36.842105865478516,0,100,10,45,40,10,10,45,36.842105865478516,0,10,15.789472579956055,33.333335876464844,0,8192,7676,80733,70,52,72610.14819335938,47459.51062011719,1631.0174560546875,33293438976,8589930496,7280984064,1067831296
200,1774612554710,2124,2124,2124,2124,2124,2124,2124,2124,2124,2124,2124,2124,2124,2124,2124,2124,25,36.842105865478516,95,0,25,25,14.285715103149414,5.263157844543457,35,10.526315689086914,36.842105865478516,19.047618865966797,36.842105865478516,35,20,5.263157844543457,0,8192,7676,79997,70,60,72614.212890625,47462.37677001953,1631.0174560546875,33293438976,8589930496,7281491968,1067831296
200,1774612554910,2124,2124,2124,2124,2124,2124,2124,2124,2124,2124,2124,2124,2124,2124,2124,2124,40,30.000001907348633,45,19.047618865966797,20,21.052631378173828,20,25,45,10,28.571430206298828,31.57894515991211,25,80,14.285715103149414,20,0,8192,7676,80190,70,54,72618.39086914063,47465.33801269531,1631.0174560546875,33293438976,8589930496,7283294208,1067831296
199,1774612555110,2124,2124,2124,2124,2124,2124,2124,2124,2124,2124,2124,2124,2124,2124,2124,2124,47.36842346191406,25,35,10,35,19.047618865966797,30.000001907348633,42.85714340209961,5.263157844543457,0,10.526315689086914,25,15.000000953674316,85,15.000000953674316,20,0,8192,7676,79819,71,47,72622.32342529297,47468.083740234375,1631.0174560546875,33293438976,8589930496,7289487360,1067831296
200,1774612555311,2124,2124,2124,2124,2124,2124,2124,2124,2124,2124,2124,2124,2124,2124,2124,2124,66.66667175292969,26.3157901763916,0,10.526315689086914,20,10,35,25,40,0,23.809524536132813,31.57894515991211,5,42.85714340209961,52.6315803527832,14.285715103149414,0,8192,7676,79766,70,42,72626.24420166016,47470.81286621094,1631.0181884765625,33293438976,8589930496,7289487360,1067831296
199,1774612555511,2124,2124,2124,2124,2124,2124,2124,2124,2124,2124,2124,2124,2124,2124,2124,2124,26.3157901763916,40,5,10,94.73684692382813,20,36.842105865478516,47.36842346191406,45,0,45,28.571430206298828,10,0,33.333335876464844,10.526315689086914,0,8192,7676,80612,71,49,72630.32922363281,47473.69287109375,1631.0181884765625,33293438976,8589930496,7289487360,1067831296
199,1774612555711,2124,2124,2124,2124,2124,2124,2124,2124,2124,2124,2124,2124,2124,2124,2124,2124,20,5,0,14.285715103149414,100,26.3157901763916,20,10,47.36842346191406,0,45,20,33.333335876464844,36.842105865478516,25,45,0,8192,7676,81203,70,57,72634.3505859375,47476.50891113281,1631.0181884765625,33293438976,8589930496,7289487360,1067831296
199,1774612555911,2124,2124,2124,2124,2124,2124,2124,2124,2124,2124,2124,2124,2124,2124,2124,2124,36.842105865478516,47.36842346191406,15.789472579956055,15.000000953674316,55,35,30.000001907348633,36.842105865478516,20,28.571430206298828,68.42105102539063,10,15.789472579956055,10,10,0,0,8192,7676,79631,70,50,72638.45361328125,47479.39617919922,1631.0181884765625,33293438976,8589930496,7289229312,1067831296
199,1774612556111,2124,2124,2124,2124,2124,2124,2124,2124,2124,2124,2124,2124,2124,2124,2124,2124,40,95.23809814453125,14.285715103149414,15.000000953674316,0,10,10,20,4.761904716491699,35,40,31.57894515991211,33.333335876464844,20,0,40,0,8192,7676,79461,70,44,72642.31225585938,47482.0673828125,1631.0181884765625,33293438976,8589930496,7289229312,1067831296
200,1774612556311,2124,2124,2124,2124,2124,2124,2124,2124,2124,2124,2124,2124,2124,2124,2124,2124,45,68.42105102539063,0,20,14.285715103149414,10.526315689086914,75,4.761904716491699,0,38.095237731933594,35,35,21.052631378173828,45,0,27.272727966308594,0,8192,7676,80452,71,44,72646.23876953125,47484.79931640625,1631.0181884765625,33293438976,8589930496,7289229312,1067831296
200,1774612556511,2124,2124,2124,2124,2124,2124,2124,2124,2124,2124,2124,2124,2124,2124,2124,2124,45,54.54545593261719,5.263157844543457,15.789472579956055,0,10,47.36842346191406,38.095237731933594,4.761904716491699,47.36842346191406,45,35,45,10,50,0,0,8192,7676,80826,71,51,72650.3452758789,47487.69287109375,1631.0194091796875,33293438976,8589930496,7281766400,1067831296
199,1774612556711,2124,2124,2124,2124,2124,2124,2124,2124,2124,2124,2124,2124,2124,2124,2124,2124,47.619049072265625,45,10,38.095237731933594,10,15.000000953674316,0,10,0,40,36.842105865478516,30.000001907348633,47.36842346191406,38.095237731933594,55,20,0,8192,7676,80989,71,59,72654.40185546875,47490.5380859375,1631.0194091796875,33293438976,8589930496,7282020352,1067831296
200,1774612556911,2124,2124,2124,2124,2124,2124,2124,2124,2124,2124,2124,2124,2124,2124,2124,2124,36.842105865478516,30.000001907348633,20,78.94737243652344,20,33.333335876464844,0,0,25,45,19.047618865966797,15.789472579956055,47.619049072265625,45,10.526315689086914,20,0,8192,7676,81420,70,59,72658.45349121094,47493.3779296875,1631.0194091796875,33293438976,8589930496,7282016256,1067831296
199,1774612557111,2124,2124,2124,2124,2124,2124,2124,2124,2124,2124,2124,2124,2124,2124,2124,2124,35,36.842105865478516,45,15.000000953674316,40,31.57894515991211,4.761904716491699,25,42.85714340209961,30.000001907348633,26.3157901763916,50,10.526315689086914,20,10,5,0,8192,7676,80143,71,45,72662.369140625,47496.10485839844,1631.0194091796875,33293438976,8589930496,7282524160,1067831296
200,1774612557312,2124,2124,2124,2124,2124,2124,2124,2124,2124,2124,2124,2124,2124,2124,2124,2124,30.000001907348633,20,31.57894515991211,20,40,100,10.526315689086914,5,10,20,9.523809432983398,40,0,36.842105865478516,10,28.571430206298828,0,8192,7676,80934,70,43,72666.31848144531,47498.86053466797,1631.0194091796875,33293438976,8589930496,7282524160,1067831296
200,1774612557512,2124,2124,2124,2124,2124,2124,2124,2124,2124,2124,2124,2124,2124,2124,2124,2124,36.842105865478516,45,28.571430206298828,5,36.842105865478516,90,10,20,35,45,10,47.619049072265625,9.523809432983398,30.000001907348633,10,0,0,8192,7676,81112,71,50,72670.36492919922,47501.70086669922,1631.0194091796875,33293438976,8589930496,7281147904,1067831296
200,1774612557712,2124,2124,2124,2124,2124,2124,2124,2124,2124,2124,2124,2124,2124,2124,2124,2124,50,25,84.21052551269531,10,38.095237731933594,10,15.000000953674316,10.526315689086914,63.15789031982422,36.842105865478516,5.263157844543457,40,0,35,0,20,0,8192,7676,81283,71,59,72674.39709472656,47504.52258300781,1631.020263671875,33293438976,8589930496,7281147904,1067831296
200,1774612557912,2124,2124,2124,2124,2124,2124,2124,2124,2124,2124,2124,2124,2124,2124,2124,2124,35,26.3157901763916,50,20,5.263157844543457,0,10,0,100,28.571430206298828,38.095237731933594,45,0,45,10,20,0,8192,7676,81175,71,57,72678.44897460938,47507.363708496094,1631.020263671875,33293438976,8589930496,7280889856,1067831296
199,1774612558112,2124,2124,2124,2124,2124,2124,2124,2124,2124,2124,2124,2124,2124,2124,2124,2124,35,20,50,5,10,5,10,0,90,36.842105865478516,30.000001907348633,36.842105865478516,0,40,10,20,0,8192,7676,79833,71,42,72682.27154541016,47510.01171875,1631.020263671875,33293438976,8589930496,7280889856,1067831296
200,1774612558312,2124,2124,2124,2124,2124,2124,2124,2124,2124,2124,2124,2124,2124,2124,2124,2124,45,40,45,14.285715103149414,35,42.105262756347656,10.526315689086914,20,100,35,10.526315689086914,0,0,26.3157901763916,0,5.263157844543457,0,8192,7676,80441,71,49,72686.23077392578,47512.77111816406,1631.020263671875,33293438976,8589930496,7280889856,1067831296
200,1774612558512,2124,2124,2124,2124,2124,2124,2124,2124,2124,2124,2124,2124,2124,2124,2124,2124,65,25,9.523809432983398,63.15789031982422,20,38.095237731933594,14.285715103149414,0,50,45,25,10,0,45,10,19.047618865966797,0,8192,7676,80223,71,56,72690.248046875,47515.580078125,1631.020263671875,33293438976,8589930496,7274450944,1067831296
200,1774612558712,2124,2124,2124,2124,2124,2124,2124,2124,2124,2124,2124,2124,2124,2124,2124,2124,45,31.57894515991211,10.526315689086914,0,15.789472579956055,15.789472579956055,45,20,0,47.36842346191406,35,35,30.000001907348633,30.000001907348633,10,85,0,8192,7676,80688,71,60,72694.35357666016,47518.46954345703,1631.020263671875,33293438976,8589930496,7277547520,1067831296
199,1774612558912,2124,2124,2124,2124,2124,2124,2124,2124,2124,2124,2124,2124,2124,2124,2124,2124,36.842105865478516,80.95238494873047,25,10,0,0,15.789472579956055,26.3157901763916,0,38.095237731933594,45,45,10,15.789472579956055,5.263157844543457,68.42105102539063,0,8192,7676,80261,71,52,72698.36743164063,47521.26647949219,1631.020263671875,33293438976,8589930496,7277805568,1067831296
199,1774612559112,2124,2124,2124,2124,2124,2124,2124,2124,2124,2124,2124,2124,2124,2124,2124,2124,42.85714340209961,35,25,10,5,33.333335876464844,14.285715103149414,31.57894515991211,15.789472579956055,31.57894515991211,35,85.71428680419922,0,10,0,30.000001907348633,0,8192,7676,79156,71,44,72702.25689697266,47523.96569824219,1631.020263671875,33293438976,8589930496,7277801472,1067831296
199,1774612559313,2124,2124,2124,2124,2124,2124,2124,2124,2124,2124,2124,2124,2124,2124,2124,2124,21.052631378173828,21.052631378173828,25,0,42.85714340209961,42.105262756347656,73.68421173095703,23.809524536132813,20,40,15.000000953674316,25,0,19.047618865966797,20,20,0,8192,7676,79072,71,53,72706.17279052734,47526.69842529297,1631.020263671875,33293438976,8589930496,7277801472,1067831296
199,1774612559513,2124,2124,2124,2124,2124,2124,2124,2124,2124,2124,2124,2124,2124,2124,2124,2124,45,35,28.571430206298828,60.000003814697266,42.105262756347656,35,45,10.526315689086914,26.3157901763916,47.619049072265625,0,5.263157844543457,0,31.57894515991211,0,10,0,8192,7676,78960,71,45,72710.17309570313,47529.494689941406,1631.020263671875,33293438976,8589930496,7265701888,1067831296
199,1774612559713,2124,2124,2124,2124,2124,2124,2124,2124,2124,2124,2124,2124,2124,2124,2124,2124,25,19.047618865966797,42.105262756347656,90,35,40,14.285715103149414,23.809524536132813,5,45,23.809524536132813,9.523809432983398,0,25,20,25,0,8192,7676,80026,71,44,72714.13537597656,47532.25958251953,1631.020263671875,33293438976,8589930496,7265701888,1067831296
199,1774612559913,2124,2124,2124,2124,2124,2124,2124,2124,2124,2124,2124,2124,2124,2124,2124,2124,45,15.789472579956055,10,0,10,40,10.526315689086914,25,35,45,42.105262756347656,100,0,20,0,30.000001907348633,0,8192,7676,79163,71,54,72718.1489868164,47535.06915283203,1631.020263671875,33293438976,8589930496,7267500032,1067831296
200,1774612560113,2124,2124,2124,2124,2124,2124,2124,2124,2124,2124,2124,2124,2124,2124,2124,2124,36.842105865478516,20,36.842105865478516,10,10,47.36842346191406,5.263157844543457,30.000001907348633,10,36.842105865478516,42.85714340209961,100,0,15.789472579956055,9.523809432983398,26.3157901763916,0,8192,7676,78750,71,60,72722.22644042969,47537.9296875,1631.020263671875,33293438976,8589930496,7256260608,1067831296
199,1774612560313,2124,2124,2124,2124,2124,2124,2124,2124,2124,2124,2124,2124,2124,2124,2124,2124,20,10,40,0,45,65,9.523809432983398,10,4.761904716491699,40,0,70,0,28.571430206298828,20,30.000001907348633,0,8192,7676,79592,71,42,72726.01971435547,47540.546936035156,1631.020263671875,33293438976,8589930496,7256260608,1067831296
200,1774612560513,2124,2124,2124,2124,2124,2124,2124,2124,2124,2124,2124,2124,2124,2124,2124,2124,45,15.789472579956055,38.095237731933594,0,80,50,20,20,5.263157844543457,42.105262756347656,15.789472579956055,45,23.809524536132813,0,9.090909004211426,25,0,8192,7676,79965,71,53,72730.00372314453,47543.32922363281,1631.020263671875,33293438976,8589930496,7244931072,1067831296
200,1774612560713,2124,2124,2124,2124,2124,2124,2124,2124,2124,2124,2124,2124,2124,2124,2124,2124,47.36842346191406,10,15.789472579956055,0,100,0,10,10,26.3157901763916,47.619049072265625,47.619049072265625,45,0,38.095237731933594,0,35,0,8192,7676,80010,71,60,72734.04553222656,47546.162658691406,1631.020263671875,33293438976,8589930496,7244931072,1067831296
200,1774612560913,2124,2124,2124,2124,2124,2124,2124,2124,2124,2124,2124,2124,2124,2124,2124,2124,38.095237731933594,50,35,0,38.095237731933594,20,5.555555820465088,25,80.95238494873047,47.619049072265625,52.6315803527832,26.3157901763916,4.761904716491699,20,10,5,0,8192,7676,80215,71,56,72738.15936279297,47549.059631347656,1631.020263671875,33293438976,8589930496,7244931072,1067831296
199,1774612561113,2124,2124,2124,2124,2124,2124,2124,2124,2124,2124,2124,2124,2124,2124,2124,2124,44.4444465637207,0,52.38095474243164,26.3157901763916,5.263157844543457,47.619049072265625,14.285715103149414,0,95,15.789472579956055,35,0,0,45,0,45,0,8192,7676,80276,71,49,72742.12103271484,47551.81951904297,1631.020263671875,33293438976,8589930496,7245189120,1067831296
199,1774612561314,2124,2124,2124,2124,2124,2124,2124,2124,2124,2124,2124,2124,2124,2124,2124,2124,33.333335876464844,19.047618865966797,40,10,30.000001907348633,42.105262756347656,21.052631378173828,45,45,5,15.000000953674316,0,19.047618865966797,60.000003814697266,9.523809432983398,25,0,8192,7676,79493,71,42,72746.01440429688,47554.517822265625,1631.020263671875,33293438976,8589930496,7246991360,1067831296
199,1774612561514,2124,2124,2124,2124,2124,2124,2124,2124,2124,2124,2124,2124,2124,2124,2124,2124,35,30.000001907348633,45,10,33.333335876464844,45,15.000000953674316,40,0,42.105262756347656,25,4.761904716491699,0,100,10.526315689086914,19.047618865966797,0,8192,7676,80577,71,53,72750.064453125,47557.37145996094,1631.020263671875,33293438976,8589930496,7264587776,1067831296
199,1774612561714,2124,2124,2124,2124,2124,2124,2124,2124,2124,2124,2124,2124,2124,2124,2124,2124,47.36842346191406,47.36842346191406,45,55,26.3157901763916,45,20,36.842105865478516,0,28.571430206298828,20,0,0,65,4.761904716491699,0,0,8192,7676,80830,71,60,72754.0972290039,47560.185485839844,1631.020263671875,33293438976,8589930496,7264587776,1067831296
200,1774612561914,2124,2124,2124,2124,2124,2124,2124,2124,2124,2124,2124,2124,2124,2124,2124,2124,0,0,47.36842346191406,80,45,50,10,10,0,50,0,0,0,60.000003814697266,50,47.36842346191406,0,8192,7676,80348,71,55,72758.16119384766,47563.04602050781,1631.020263671875,33293438976,8589930496,7263367168,1067831296
200,1774612562114,2124,2124,2124,2124,2124,2124,2124,2124,2124,2124,2124,2124,2124,2124,2124,2124,45,0,45,0,45,47.36842346191406,10,45,0,45,0,0,0,100,0,45,0,8192,7676,79565,71,48,72762.08471679688,47565.77062988281,1631.020263671875,33293438976,8589930496,7263367168,1067831296
199,1774612562314,2124,2124,2124,2124,2124,2124,2124,2124,2124,2124,2124,2124,2124,2124,2124,2124,42.105262756347656,10,20,0,40,85.71428680419922,14.285715103149414,38.095237731933594,25,42.105262756347656,5,50,0,9.523809432983398,0,30.000001907348633,0,8192,7676,80069,71,42,72765.9320678711,47568.43505859375,1631.020263671875,33293438976,8589930496,7264141312,1067831296
199,1774612562514,2124,2124,2124,2124,2124,2124,2124,2124,2124,2124,2124,2124,2124,2124,2124,2124,15.000000953674316,10,0,0,0,36.842105865478516,42.105262756347656,15.000000953674316,45,42.85714340209961,42.105262756347656,75,4.761904716491699,35,30.000001907348633,35,0,8192,7676,80983,71,48,72769.89916992188,47571.205810546875,1631.020263671875,33293438976,8589930496,7256092672,1067831296
199,1774612562714,2124,2124,2124,2124,2124,2124,2124,2124,2124,2124,2124,2124,2124,2124,2124,2124,20,47.36842346191406,10,10,0,0,100,26.3157901763916,35,47.36842346191406,45,45,0,15.789472579956055,30.000001907348633,0,0,8192,7676,81474,71,58,72774.05102539063,47574.14807128906,1631.020263671875,33293438976,8589930496,7256350720,1067831296
199,1774612562914,2124,2124,2124,2124,2124,2124,2124,2124,2124,2124,2124,2124,2124,2124,2124,2124,45,45,10,10,5,0,100,23.809524536132813,35,42.85714340209961,45,50,0,28.571430206298828,0,0,0,8192,7676,80451,71,51,72778.19451904297,47577.078674316406,1631.020263671875,33293438976,8589930496,7257096192,1067831296
199,1774612563114,2124,2124,2124,2124,2124,2124,2124,2124,2124,2124,2124,2124,2124,2124,2124,2124,45,38.095237731933594,40,35,14.285715103149414,33.333335876464844,23.809524536132813,35,10.526315689086914,68.42105102539063,45,10,0,10.526315689086914,0,26.3157901763916,0,8192,7676,79752,71,43,72782.30395507813,47579.91387939453,1631.020263671875,33293438976,8589930496,7257374720,1067831296
200,1774612563315,2124,2124,2124,2124,2124,2124,2124,2124,2124,2124,2124,2124,2124,2124,2124,2124,31.57894515991211,47.36842346191406,21.052631378173828,30.000001907348633,42.105262756347656,42.105262756347656,5.263157844543457,26.3157901763916,20,75,5,0,0,15.000000953674316,10,35,0,8192,7676,80891,71,45,72786.2241821289,47582.64025878906,1631.020263671875,33293438976,8589930496,7257374720,1067831296
200,1774612563515,2124,2124,2124,2124,2124,2124,2124,2124,2124,2124,2124,2124,2124,2124,2124,2124,35,35,0,35,47.36842346191406,42.105262756347656,0,15.000000953674316,45,100,0,0,9.523809432983398,30.000001907348633,10,15.000000953674316,0,8192,7676,81086,71,52,72790.1957397461,47585.35870361328,1631.020263671875,33293438976,8589930496,7264038912,1067831296
200,1774612563715,2124,2124,2124,2124,2124,2124,2124,2124,2124,2124,2124,2124,2124,2124,2124,2124,35,20,38.095237731933594,10,38.095237731933594,10,10,25,80,45,5.263157844543457,35,0,20,30.000001907348633,25,0,8192,7676,79857,71,46,72794.18603515625,47588.123474121094,1631.020263671875,33293438976,8589930496,7264555008,1067831296
200,1774612563915,2124,2124,2124,2124,2124,2124,2124,2124,2124,2124,2124,2124,2124,2124,2124,2124,45,0,42.105262756347656,42.105262756347656,0,40,15.000000953674316,25,0,0,42.85714340209961,0,0,15.789472579956055,100,45,0,8192,7676,79618,71,43,72798.00360107422,47590.75555419922,1631.020263671875,33293438976,8589930496,7265071104,1067831296
200,1774612564115,2124,2124,2124,2124,2124,2124,2124,2124,2124,2124,2124,2124,2124,2124,2124,2124,47.619049072265625,26.3157901763916,25,15.000000953674316,5,35,31.57894515991211,25,20,20,42.105262756347656,10,25,20,65,15.000000953674316,0,8192,7676,80060,71,51,72802.02215576172,47593.502868652344,1631.020263671875,33293438976,8589930496,7259295744,1067831296
199,1774612564315,2124,2124,2124,2124,2124,2124,2124,2124,2124,2124,2124,2124,2124,2124,2124,2124,47.36842346191406,0,45,10,26.3157901763916,4.761904716491699,47.619049072265625,20,0,0,20,47.36842346191406,100,28.571430206298828,0,45,0,8192,7676,79915,71,60,72806.03515625,47596.30255126953,1631.020263671875,33293438976,8589930496,7259553792,1067831296
200,1774612564515,2124,2124,2124,2124,2124,2124,2124,2124,2124,2124,2124,2124,2124,2124,2124,2124,38.095237731933594,10,45,10,9.523809432983398,10.526315689086914,45,26.3157901763916,0,0,38.095237731933594,38.095237731933594,100,15.789472579956055,10,36.842105865478516,0,8192,7676,80164,71,57,72810.09057617188,47599.144592285156,1631.020263671875,33293438976,8589930496,7255994368,1067831296
200,1774612564715,2124,2124,2124,2124,2124,2124,2124,2124,2124,2124,2124,2124,2124,2124,2124,2124,45,20,10,0,15.789472579956055,0,26.3157901763916,10,70,9.523809432983398,60.000003814697266,36.842105865478516,25,30.000001907348633,0,19.047618865966797,0,8192,7676,80154,71,42,72813.81475830078,47601.7041015625,1631.020263671875,33293438976,8589930496,7250038784,1067831296
199,1774612564916,2124,2124,2124,2124,2124,2124,2124,2124,2124,2124,2124,2124,2124,2124,2124,2124,36.842105865478516,20,45,20,0,10,10,35,50,25,45,35,0,57.142860412597656,10,26.3157901763916,0,8192,7676,80203,71,59,72817.93029785156,47604.53625488281,1631.020263671875,33293438976,8589930496,7250038784,1067831296
199,1774612565116,2124,2124,2124,2124,2124,2124,2124,2124,2124,2124,2124,2124,2124,2124,2124,2124,45,45,45,45,0,0,10,45,4.761904716491699,10,50,47.36842346191406,0,100,0,0,0,8192,7676,80186,71,57,72821.9702758789,47607.368225097656,1631.020263671875,33293438976,8589930496,7250296832,1067831296
199,1774612565316,2124,2124,2124,2124,2124,2124,2124,2124,2124,2124,2124,2124,2124,2124,2124,2124,50,47.36842346191406,40,20,30.000001907348633,10,50,35,10.526315689086914,10.526315689086914,20,40,85.71428680419922,20,0,4.761904716491699,0,8192,7676,80241,71,49,72826.07092285156,47610.2568359375,1631.020263671875,33293438976,8589930496,7252361216,1067831296
200,1774612565516,2124,2124,2124,2124,2124,2124,2124,2124,2124,2124,2124,2124,2124,2124,2124,2124,10.526315689086914,40,26.3157901763916,23.809524536132813,10.526315689086914,40,25,10,23.809524536132813,35,26.3157901763916,0,63.15789031982422,30.000001907348633,28.571430206298828,0,0,8192,7676,80095,71,45,72829.95361328125,47612.94470214844,1631.020263671875,33293438976,8589930496,7261437952,1067831296
199,1774612565716,2124,2124,2124,2124,2124,2124,2124,2124,2124,2124,2124,2124,2124,2124,2124,2124,42.85714340209961,40,0,42.105262756347656,5,45,0,20,42.85714340209961,10,47.619049072265625,95,0,21.052631378173828,0,0,0,8192,7676,79633,71,55,72833.85125732422,47615.65789794922,1631.020263671875,33293438976,8589930496,7261437952,1067831296
199,1774612565916,2124,2124,2124,2124,2124,2124,2124,2124,2124,2124,2124,2124,2124,2124,2124,2124,42.105262756347656,47.36842346191406,0,45,45,14.285715103149414,10,42.105262756347656,44.4444465637207,0,5.263157844543457,45,0,4.761904716491699,85,0,0,8192,7676,79813,71,44,72837.845703125,47618.41552734375,1631.020263671875,33293438976,8589930496,7261433856,1067831296
199,1774612566116,2124,2124,2124,2124,2124,2124,2124,2124,2124,2124,2124,2124,2124,2124,2124,2124,45,23.809524536132813,0,14.285715103149414,33.333335876464844,0,23.809524536132813,33.333335876464844,42.85714340209961,5,15.000000953674316,45,20,50,65,21.052631378173828,0,8192,7676,80224,71,47,72841.69158935547,47621.10534667969,1631.020263671875,33293438976,8589930496,7261835264,1067831296
199,1774612566316,2124,2124,2124,2124,2124,2124,2124,2124,2124,2124,2124,2124,2124,2124,2124,2124,42.105262756347656,0,0,0,50,0,35,45,42.105262756347656,0,23.809524536132813,42.105262756347656,10,66.66667175292969,20,45,0,8192,7676,79636,71,56,72845.64135742188,47623.861572265625,1631.020263671875,33293438976,8589930496,7261835264,1067831296
200,1774612566516,2124,2124,2124,2124,2124,2124,2124,2124,2124,2124,2124,2124,2124,2124,2124,2124,45,45,4.761904716491699,10,75,30.000001907348633,28.571430206298828,45,45,0,47.36842346191406,19.047618865966797,20,0,0,28.571430206298828,0,8192,7676,79973,71,59,72849.6968383789,47626.697265625,1631.020263671875,33293438976,8589930496,7242342400,1067831296
199,1774612566716,2124,2124,2124,2124,2124,2124,2124,2124,2124,2124,2124,2124,2124,2124,2124,2124,45,19.047618865966797,0,0,36.842105865478516,45,15.789472579956055,36.842105865478516,45,5.263157844543457,15.000000953674316,0,26.3157901763916,5.263157844543457,85,47.36842346191406,0,8192,7676,79952,71,51,72853.71923828125,47629.50811767578,1631.020263671875,33293438976,8589930496,7233773568,1067831296
200,1774612566916,2124,2124,2124,2124,2124,2124,2124,2124,2124,2124,2124,2124,2124,2124,2124,2124,40,45,0,45,35,42.105262756347656,15.000000953674316,45,45,60.000003814697266,15.000000953674316,0,5,5,42.105262756347656,0,0,8192,7676,79691,71,43,72857.60900878906,47632.21228027344,1631.020263671875,33293438976,8589930496,7250804736,1067831296
199,1774612567117,2124,2124,2124,2124,2124,2124,2124,2124,2124,2124,2124,2124,2124,2124,2124,2124,90,40,0,40,5,40,0,15.000000953674316,40,0,50,0,10,25,42.85714340209961,4.761904716491699,0,8192,7676,80065,71,55,72861.51287841797,47634.928161621094,1631.020263671875,33293438976,8589930496,7250804736,1067831296
200,1774612567317,2124,2124,2124,2124,2124,2124,2124,2124,2124,2124,2124,2124,2124,2124,2124,2124,50,15.789472579956055,0,10,0,10,45,15.000000953674316,47.36842346191406,0,42.105262756347656,35,95,36.842105865478516,0,25,0,8192,7676,80220,71,60,72865.57250976563,47637.78259277344,1631.020263671875,33293438976,8589930496,7249055744,1067831296
200,1774612567517,2124,2124,2124,2124,2124,2124,2124,2124,2124,2124,2124,2124,2124,2124,2124,2124,38.095237731933594,30.000001907348633,0,10,40,5,31.57894515991211,55,45,5,90.47618865966797,50,20,14.285715103149414,10,20,0,8192,7676,80042,72,52,72869.7045288086,47640.69659423828,1631.020263671875,33293438976,8589930496,7241957376,1067827200
200,1774612567717,2124,2124,2124,2124,2124,2124,2124,2124,2124,2124,2124,2124,2124,2124,2124,2124,36.842105865478516,45,0,35,42.85714340209961,10,10,0,45,50,63.15789031982422,35,0,42.105262756347656,5,0,0,8192,7676,78876,71,43,72873.68646240234,47643.4638671875,1631.020263671875,33293438976,8589930496,7241265152,1067827200
199,1774612567917,2124,2124,2124,2124,2124,2124,2124,2124,2124,2124,2124,2124,2124,2124,2124,2124,20,25,0,42.105262756347656,0,21.052631378173828,10,20,42.105262756347656,100,42.85714340209961,20,0,25,20,20,0,8192,7676,79661,72,48,72877.54663085938,47646.14129638672,1631.020263671875,33293438976,8589930496,7241515008,1067827200
200,1774612568117,2124,2124,2124,2124,2124,2124,2124,2124,2124,2124,2124,2124,2124,2124,2124,2124,90,40,0,33.333335876464844,10,9.523809432983398,10,35,42.85714340209961,15.000000953674316,36.842105865478516,35,5.263157844543457,5,40,0,0,8192,7676,79441,72,49,72881.4808959961,47648.87707519531,1631.020263671875,33293438976,8589930496,7238070272,1067827200
199,1774612568317,2124,2124,2124,2124,2124,2124,2124,2124,2124,2124,2124,2124,2124,2124,2124,2124,45,45,0,26.3157901763916,25,45,28.571430206298828,60.000003814697266,45,4.761904716491699,19.047618865966797,0,15.000000953674316,25,40,0,0,8192,7676,79916,72,43,72885.42059326172,47651.618591308594,1631.020263671875,33293438976,8589930496,7238836224,1067827200
199,1774612568517,2124,2124,2124,2124,2124,2124,2124,2124,2124,2124,2124,2124,2124,2124,2124,2124,42.105262756347656,35,10,15.000000953674316,0,55,63.15789031982422,25,35,0,45,33.333335876464844,15.000000953674316,42.85714340209961,5.263157844543457,10,0,8192,7676,79755,72,51,72889.38464355469,47654.393981933594,1631.020263671875,33293438976,8589930496,7226380288,1067827200
200,1774612568717,2124,2124,2124,2124,2124,2124,2124,2124,2124,2124,2124,2124,2124,2124,2124,2124,55,25,0,10,0,0,30.000001907348633,0,42.105262756347656,0,42.105262756347656,45,45,42.105262756347656,60.000003814697266,20,0,8192,7676,79646,71,60,72893.37805175781,47657.18566894531,1631.020263671875,33293438976,8589930496,7226527744,1067827200
200,1774612568917,2124,2124,2124,2124,2124,2124,2124,2124,2124,2124,2124,2124,2124,2124,2124,2124,38.095237731933594,10,0,26.3157901763916,10,5.263157844543457,0,0,50,10,20,36.842105865478516,45,45,100,36.842105865478516,0,8192,7676,79900,71,56,72897.42877197266,47660.02722167969,1631.020263671875,33293438976,8589930496,7226269696,1067827200
200,1774612569118,2124,2124,2124,2124,2124,2124,2124,2124,2124,2124,2124,2124,2124,2124,2124,2124,40,36.842105865478516,60.000003814697266,20,0,14.285715103149414,4.761904716491699,20,0,42.105262756347656,10,25,36.842105865478516,20,55,0,0,8192,7676,80035,71,43,72901.15930175781,47662.586975097656,1631.020263671875,33293438976,8589930496,7242526720,1067827200
200,1774612569318,2124,2124,2124,2124,2124,2124,2124,2124,2124,2124,2124,2124,2124,2124,2124,2124,47.36842346191406,0,70,47.36842346191406,0,42.105262756347656,45,45,45,0,10,30.000001907348633,0,0,0,45,0,8192,7676,80192,71,60,72905.16998291016,47665.39050292969,1631.020263671875,33293438976,8589930496,7238512640,1067827200
200,1774612569518,2124,2124,2124,2124,2124,2124,2124,2124,2124,2124,2124,2124,2124,2124,2124,2124,35,45,4.761904716491699,42.85714340209961,0,45,47.36842346191406,47.36842346191406,47.36842346191406,10,10,95,0,0,10,0,0,8192,7676,80198,71,55,72909.22326660156,47668.22692871094,1631.020263671875,33293438976,8589930496,7232786432,1067827200
200,1774612569718,2124,2124,2124,2124,2124,2124,2124,2124,2124,2124,2124,2124,2124,2124,2124,2124,40,15.000000953674316,5,57.142860412597656,5,10,28.571430206298828,30.000001907348633,50,90.47618865966797,10,40,20,20,10,35,0,8192,7676,80183,71,44,72913.34930419922,47671.13684082031,1631.020263671875,33293438976,8589930496,7233048576,1067827200
200,1774612569918,2124,2124,2124,2124,2124,2124,2124,2124,2124,2124,2124,2124,2124,2124,2124,2124,21.052631378173828,0,21.052631378173828,20,20,0,10.526315689086914,40,75,10.526315689086914,45,42.105262756347656,30.000001907348633,0,20,45,0,8192,7676,80353,71,47,72917.23718261719,47673.83630371094,1631.020263671875,33293438976,8589930496,7229550592,1067827200
200,1774612570118,2124,2124,2124,2124,2124,2124,2124,2124,2124,2124,2124,2124,2124,2124,2124,2124,35,15.789472579956055,42.85714340209961,10.526315689086914,42.85714340209961,25,0,25,100,0,5,20,40,15.000000953674316,10,21.052631378173828,0,8192,7676,80043,71,56,72921.14221191406,47676.54406738281,1631.020263671875,33293438976,8589930496,7231836160,1067827200
199,1774612570318,2124,2124,2124,2124,2124,2124,2124,2124,2124,2124,2124,2124,2124,2124,2124,2124,15.000000953674316,19.047618865966797,42.105262756347656,10,10,100,33.333335876464844,47.36842346191406,5.263157844543457,5,35,40,21.052631378173828,5,25,28.571430206298828,0,8192,7676,80542,71,54,72925.22985839844,47679.417541503906,1631.020263671875,33293438976,8589930496,7232122880,1067827200
200,1774612570518,2124,2124,2124,2124,2124,2124,2124,2124,2124,2124,2124,2124,2124,2124,2124,2124,50,47.36842346191406,47.619049072265625,10,10,100,47.36842346191406,0,0,0,35,45,4.761904716491699,45,0,0,0,8192,7676,79437,71,45,72929.2607421875,47682.24725341797,1631.020263671875,33293438976,8589930496,7225151488,1067827200
200,1774612570719,2124,2124,2124,2124,2124,2124,2124,2124,2124,2124,2124,2124,2124,2124,2124,2124,15.789472579956055,40,15.000000953674316,10,10.526315689086914,61.904762268066406,40,45,65,0,35,45,0,5,25,0,0,8192,7676,79834,72,47,72933.26159667969,47685.046447753906,1631.020263671875,33293438976,8589930496,7223365632,1067827200
200,1774612570919,2124,2124,2124,2124,2124,2124,2124,2124,2124,2124,2124,2124,2124,2124,2124,2124,4.761904716491699,5,40,10,25,0,47.619049072265625,25,100,4.761904716491699,15.000000953674316,42.105262756347656,0,20,40,40,0,8192,7676,80151,72,56,72937.1923828125,47687.78680419922,1631.020263671875,33293438976,8589930496,7223738368,1067827200
199,1774612571119,2124,2124,2124,2124,2124,2124,2124,2124,2124,2124,2124,2124,2124,2124,2124,2124,47.36842346191406,20,45,10.526315689086914,10,10.526315689086914,42.105262756347656,20,90,0,35,35,0,30.000001907348633,0,25,0,8192,7676,80224,71,60,72941.20349121094,47690.59552001953,1631.020263671875,33293438976,8589930496,7224397824,1067827200
200,1774612571319,2124,2124,2124,2124,2124,2124,2124,2124,2124,2124,2124,2124,2124,2124,2124,2124,25,30.000001907348633,52.6315803527832,14.285715103149414,0,4.761904716491699,47.619049072265625,47.619049072265625,5,0,47.36842346191406,47.619049072265625,45,55,23.809524536132813,20,0,8192,7676,79804,71,46,72945.29876708984,47693.46765136719,1631.020263671875,33293438976,8589930496,7228469248,1067827200
199,1774612571519,2124,2124,2124,2124,2124,2124,2124,2124,2124,2124,2124,2124,2124,2124,2124,2124,26.3157901763916,5.263157844543457,40,14.285715103149414,25,0,45,10.526315689086914,5,0,20,42.105262756347656,100,30.000001907348633,15.789472579956055,35,0,8192,7676,80123,71,45,72949.2451171875,47696.21368408203,1631.020263671875,33293438976,8589930496,7220424704,1067827200
200,1774612571719,2124,2124,2124,2124,2124,2124,2124,2124,2124,2124,2124,2124,2124,2124,2124,2124,45,40,55,10.526315689086914,5,0,40,0,26.3157901763916,0,38.095237731933594,40,45,42.105262756347656,14.285715103149414,0,0,8192,7676,80537,71,54,72953.1435546875,47698.922912597656,1631.020263671875,33293438976,8589930496,7221030912,1067827200
200,1774612571919,2124,2124,2124,2124,2124,2124,2124,2124,2124,2124,2124,2124,2124,2124,2124,2124,47.619049072265625,35,35,15.000000953674316,0,0,50,95,9.523809432983398,4.761904716491699,45,50,0,47.619049072265625,5.263157844543457,10,0,8192,7676,80644,71,60,72957.20092773438,47701.772399902344,1631.020263671875,33293438976,8589930496,7221030912,1067827200
199,1774612572120,2124,2124,2124,2124,2124,2124,2124,2124,2124,2124,2124,2124,2124,2124,2124,2124,45,30.000001907348633,20,9.523809432983398,0,4.761904716491699,100,10,30.000001907348633,0,47.36842346191406,45,38.095237731933594,45,0,20,0,8192,7676,80889,71,53,72961.25451660156,47704.61120605469,1631.020263671875,33293438976,8589930496,7224901632,1067827200
200,1774612572320,2124,2124,2124,2124,2124,2124,2124,2124,2124,2124,2124,2124,2124,2124,2124,2124,50,45,5.263157844543457,5.555555820465088,42.105262756347656,0,80,5,35,4.761904716491699,25,47.36842346191406,45,45,4.761904716491699,0,0,8192,7676,79676,71,43,72965.31042480469,47707.455322265625,1631.020263671875,33293438976,8589930496,7225159680,1067827200
200,1774612572520,2124,2124,2124,2124,2124,2124,2124,2124,2124,2124,2124,2124,2124,2124,2124,2124,5.263157844543457,0,30.000001907348633,0,38.095237731933594,35,45,35,21.052631378173828,0,95,0,0,0,26.3157901763916,35,0,8192,7676,80302,71,60,72969.02673339844,47710.00048828125,1631.020263671875,33293438976,8589930496,7230009344,1067827200
200,1774612572720,2124,2124,2124,2124,2124,2124,2124,2124,2124,2124,2124,2124,2124,2124,2124,2124,28.571430206298828,95.23809814453125,35,10,45,47.36842346191406,50,47.36842346191406,9.523809432983398,0,10.526315689086914,0,0,0,19.047618865966797,36.842105865478516,0,8192,7676,80473,72,53,72973.064453125,47712.822692871094,1631.020263671875,33293438976,8589930496,7217090560,1067827200
200,1774612572920,2124,2124,2124,2124,2124,2124,2124,2124,2124,2124,2124,2124,2124,2124,2124,2124,52.6315803527832,42.105262756347656,10,10,47.36842346191406,45,60.000003814697266,47.619049072265625,42.105262756347656,0,4.761904716491699,0,47.36842346191406,0,0,47.619049072265625,0,8192,7676,80555,72,44,72977.17028808594,47715.70623779297,1631.020263671875,33293438976,8589930496,7200649216,1067827200
200,1774612573120,2124,2124,2124,2124,2124,2124,2124,2124,2124,2124,2124,2124,2124,2124,2124,2124,30.000001907348633,100,30.000001907348633,10,35,45,0,42.105262756347656,15.000000953674316,0,5,0,42.85714340209961,0,15.000000953674316,42.105262756347656,0,8192,7676,80502,72,48,72981.1318359375,47718.43817138672,1631.020263671875,33293438976,8589930496,7208984576,1067827200
200,1774612573320,2124,2124,2124,2124,2124,2124,2124,2124,2124,2124,2124,2124,2124,2124,2124,2124,10,25,0,10,5,19.047618865966797,5.263157844543457,13.636363983154297,19.047618865966797,0,15.789472579956055,90.47618865966797,15.789472579956055,15.000000953674316,14.285715103149414,15.000000953674316,0,8192,7676,74593,70,0,72984.10400390625,47720.38952636719,1631.022216796875,33293438976,8589930496,7189467136,1067827200
200,1774612573520,2124,2124,2124,2124,2124,2124,2124,2124,2124,2124,2124,2124,2124,2124,2124,2124,0,5,5.263157844543457,5,5,0,4.761904716491699,0,25,15.000000953674316,0,63.15789031982422,0,0,0,4.761904716491699,0,8192,7676,68573,69,0,72986.38055419922,47721.68994140625,1631.0289306640625,33293438976,8589930496,7250616320,1067827200
200,1774612573721,2124,2124,2124,2124,2124,2124,2124,2124,2124,2124,2124,2124,2124,2124,2124,2124,4.761904716491699,4.761904716491699,15.000000953674316,0,4.761904716491699,4.761904716491699,5,4.761904716491699,90,10,0,4.761904716491699,0,4.761904716491699,0,5,0,8192,7676,60565,69,0,72988.75573730469,47723.09313964844,1631.0289306640625,33293438976,8589930496,7234588672,1067827200
200,1774612573921,2124,2124,2124,2124,2124,2124,2124,2124,2124,2124,2124,2124,2124,2124,2124,2124,5,0,9.523809432983398,0,0,0,15.000000953674316,55,0,5.263157844543457,0,0,0,0,0,35,0,8192,7676,53282,69,0,72991.0375366211,47724.39483642578,1631.0289306640625,33293438976,8589930496,7346655232,1067827200
200,1774612574121,2124,2124,2124,2124,2124,2124,2124,2124,2124,2124,2124,2124,2124,2124,2124,2124,45,5,0,0,0,5,0,10.526315689086914,0,10,14.285715103149414,0,0,38.88888931274414,0,0,0,8192,7676,46522,69,0,72993.2978515625,47725.68322753906,1631.0289306640625,33293438976,8589930496,7436943360,1067827200
200,1774612574321,2124,2124,2124,2124,2124,2124,2124,2124,2124,2124,2124,2124,2124,2124,2124,2124,100,0,0,0,0,0,0,0,0,9.523809432983398,0,0,0,0,0,0,0,8192,7839,41738,69,2,72995.3696899414,47726.762145996094,1631.0289306640625,33293438976,8589930496,7509364736,1067827200
200,1774612574521,2124,2124,2124,2124,2124,2124,2124,2124,2124,2124,2124,2124,2124,2124,2124,2124,100,0,0,0,0,0,0,0,0,5.263157844543457,0,0,0,0,0,0,0,8192,7869,41672,68,3,72997.48132324219,47727.902770996094,1631.0289306640625,33293438976,8589930496,7661993984,1067827200
200,1774612574721,2124,2124,2124,2124,2124,2124,2124,2124,2124,2124,2124,2124,2124,2124,2124,2124,85,5,0,4.761904716491699,0,0,0,0,0,0,5,0,0,4.761904716491699,0,0,0,8192,7869,41673,68,0,72999.56750488281,47729.00762939453,1631.0289306640625,33293438976,8589930496,7708442624,1067827200
199,1774612574921,2124,2124,2124,2124,2124,2124,2124,2124,2124,2124,2124,2124,2124,2124,2124,2124,100,0,0,0,0,0,0,0,0,0,10,0,0,0,0,0,0,8192,554,41603,68,0,73001.68249511719,47730.10919189453,1631.0289306640625,33293438976,8589930496,4991942656,1067827200
200,1774612575121,2124,2124,2124,2124,2124,2124,2124,2124,2124,2124,2124,2124,2124,2124,2124,2124,25,0,0,0,0,0,0,5,0,0,5.263157844543457,0,0,0,0,0,0,8192,554,40463,67,100,73003.47271728516,47730.92840576172,1631.0460205078125,33293438976,8589930496,4670468096,1067827200
200,1774612575322,2124,2124,2124,2124,2124,2124,2124,2124,2124,2124,2124,2124,2124,2124,2124,2124,0,0,0,0,0,0,0,0,0,0,10,0,4.761904716491699,0,0,0,0,8192,554,40743,68,0,73005.0776977539,47731.557373046875,1631.0738525390625,33293438976,8589930496,4670468096,1067827200
200,1774612575522,2124,2124,2124,2124,2124,2124,2124,2124,2124,2124,2124,2124,2124,2124,2124,2124,0,0,0,0,4.761904716491699,0,0,0,0,0,10,0,0,0,0,0,0,8192,554,40336,68,0,73006.6390991211,47732.169189453125,1631.1005859375,33293438976,8589930496,4669698048,1067827200
200,1774612575722,2124,2124,2124,2124,2124,2124,2124,2124,2124,2124,2124,2124,2124,2124,2124,2124,0,0,0,0,0,0,0,0,0,0,5,0,4.761904716491699,0,0,0,0,8192,554,40269,68,0,73008.22003173828,47732.806640625,1631.1156005859375,33293438976,8589930496,4668772352,1067827200
200,1774612575922,2124,2124,2124,2124,2124,2124,2124,2124,2124,2124,2124,2124,2124,2124,2124,2124,0,0,0,0,0,0,0,0,0,0,10,0,0,0,0,0,0,8192,554,40134,68,0,73009.77740478516,47733.41125488281,1631.137451171875,33293438976,8589930496,4668772352,1067827200
200,1774612576122,2124,2124,2124,2124,2124,2124,2124,2124,2124,2124,2124,2124,2124,2124,2124,2124,0,0,0,0,0,0,0,0,4.761904716491699,0,5,0,0,0,0,0,0,8192,554,40612,68,0,73011.35522460938,47734.02618408203,1631.1656494140625,33293438976,8589930496,4660514816,1067827200
200,1774612576322,2124,2124,2124,2124,2124,2124,2124,2124,2124,2124,2124,2124,2124,2124,2124,2124,0,0,0,0,0,0,0,0,0,0,10,0,0,0,0,0,0,8192,554,40747,68,0,73012.94152832031,47734.6640625,1631.1912841796875,33293438976,8589930496,4667846656,1067827200
199,1774612576522,2124,2124,2124,2124,2124,2124,2124,2124,2124,2124,2124,2124,2124,2124,2124,2124,0,0,4.761904716491699,0,0,0,0,0,0,0,5,0,0,0,0,0,0,8192,554,40701,67,0,73014.53723144531,47735.319091796875,1631.2010498046875,33293438976,8589930496,4665192448,1067827200
200,1774612576722,2124,2124,2124,2124,2124,2124,2124,2124,2124,2124,2124,2124,2124,2124,2124,2124,0,0,5,0,0,0,0,0,0,0,14.285715103149414,0,0,0,0,0,0,8192,554,40657,67,0,73016.12512207031,47735.962829589844,1631.2188720703125,33293438976,8589930496,4665192448,1067827200
200,1774612576923,2124,2124,2124,2124,2124,2124,2124,2124,2124,2124,2124,2124,2124,2124,2124,2124,0,0,0,0,0,0,0,0,0,0,5.263157844543457,0,0,0,0,0,0,8192,554,40617,67,0,73017.69158935547,47736.577880859375,1631.240478515625,33293438976,8589930496,4656590848,1067827200
200,1774612577123,2124,2124,2124,2124,2124,2124,2124,2124,2124,2124,2124,2124,2124,2124,2124,2124,0,5,0,0,0,0,0,0,0,0,5.263157844543457,0,0,0,0,0,0,8192,554,38800,66,0,73019.3037109375,47737.240234375,1631.2579345703125,33293438976,8589930496,4656308224,1067827200
200,1774612577323,2124,2124,2124,2124,2124,2124,2124,2124,2124,2124,2124,2124,2124,2124,2124,2124,0,0,0,0,0,0,5,0,0,0,13.636363983154297,0,0,0,0,0,0,8192,554,36890,66,0,73020.88049316406,47737.865173339844,1631.289794921875,33293438976,8589930496,4656308224,1067827200
200,1774612577523,2124,2124,2124,2124,2124,2124,2124,2124,2124,2124,2124,2124,2124,2124,2124,2124,0,4.761904716491699,0,0,0,0,0,0,0,0,5.263157844543457,0,0,0,0,0,0,8192,554,34972,66,0,73022.47790527344,47738.51281738281,1631.314208984375,33293438976,8589930496,4654493696,1067827200
200,1774612577723,2124,2124,2124,2124,2124,2124,2124,2124,2124,2124,2124,2124,2124,2124,2124,2124,0,0,0,0,0,0,0,0,0,0,10,0,0,0,0,0,0,8192,554,33046,66,0,73024.07885742188,47739.16979980469,1631.32958984375,33293438976,8589930496,4654493696,1067827200
200,1774612577923,2124,2124,2124,2124,2124,2124,2124,2124,2124,2124,2124,2124,2124,2124,2124,2124,0,0,5,4.761904716491699,0,0,0,0,0,0,5,0,0,0,0,0,0,8192,554,31123,66,0,73025.65576171875,47739.805419921875,1631.345947265625,33293438976,8589930496,4653436928,1067827200
200,1774612578124,2124,2124,2124,2124,2124,2124,2124,2124,2124,2124,2124,2124,2124,2124,2124,2124,0,0,0,20,0,0,0,0,0,0,10,0,9.523809432983398,57.142860412597656,10,0,0,8192,554,30089,66,0,73027.85778808594,47741.01220703125,1631.345947265625,33293438976,8589930496,4726427648,1067827200
200,1774612578324,2124,2124,2124,2124,2124,2124,2124,2124,2124,2124,2124,2124,2124,2124,2124,2124,0,0,0,30.000001907348633,60.000003814697266,4.761904716491699,23.809524536132813,0,0,0,0,0,0,5,0,0,0,8192,554,30057,66,0,73030.10375976563,47742.289489746094,1631.345947265625,33293438976,8589930496,4811882496,1067827200
199,1774612578524,2124,2124,2124,2124,2124,2124,2124,2124,2124,2124,2124,2124,2124,2124,2124,2124,0,0,45,0,5.263157844543457,10,10,5,15.000000953674316,42.85714340209961,0,0,0,0,0,0,0,8192,554,30014,66,0,73032.41510009766,47743.635498046875,1631.345947265625,33293438976,8589930496,4767498240,1067827200
200,1774612578724,2124,2124,2124,2124,2124,2124,2124,2124,2124,2124,2124,2124,2124,2124,2124,2124,0,5.263157844543457,65,0,14.285715103149414,5,0,4.761904716491699,0,25,0,0,0,0,0,0,0,8192,554,29976,65,0,73034.65106201172,47744.89636230469,1631.345947265625,33293438976,8589930496,4828930048,1067827200
199,1774612578924,2124,2124,2124,2124,2124,2124,2124,2124,2124,2124,2124,2124,2124,2124,2124,2124,5,15.000000953674316,10,0,10.526315689086914,5,45,36.842105865478516,0,5,5,0,0,4.761904716491699,5,4.761904716491699,0,8192,3724,29943,65,0,73037.03192138672,47746.28771972656,1631.345947265625,33293438976,8589930496,4824256512,1067827200
199,1774612579124,2124,2124,2124,2124,2124,2124,2124,2124,2124,2124,2124,2124,2124,2124,2124,2124,5,20,10.526315689086914,4.761904716491699,15.000000953674316,0,75,0,4.761904716491699,5,5,5.263157844543457,0,0,0,0,0,8192,4234,29978,65,20,73039.53112792969,47747.74395751953,1631.345947265625,33293438976,8589930496,4950036480,1067827200
200,1774612579324,2124,2124,2124,2124,2124,2124,2124,2124,2124,2124,2124,2124,2124,2124,2124,2124,28.571430206298828,22.22222328186035,30.000001907348633,31.57894515991211,31.57894515991211,28.571430206298828,26.3157901763916,25,26.3157901763916,33.333335876464844,25,25,26.3157901763916,30.000001907348633,31.57894515991211,30.000001907348633,0,8192,4234,30381,65,83,73043.91680908203,47750.723083496094,1631.345947265625,33293438976,8589930496,4961308672,1067827200
200,1774612579524,2124,2124,2124,2124,2124,2124,2124,2124,2124,2124,2124,2124,2124,2124,2124,2124,15.000000953674316,19.047618865966797,14.285715103149414,19.047618865966797,15.000000953674316,10.526315689086914,15.789472579956055,19.047618865966797,15.789472579956055,10.526315689086914,10.526315689086914,20,65,10.526315689086914,14.285715103149414,15.789472579956055,0,8192,4234,32667,66,23,73047.39569091797,47752.94061279297,1631.345947265625,33293438976,8589930496,5101408256,1067827200
200,1774612579724,2124,2124,2124,2124,2124,2124,2124,2124,2124,2124,2124,2124,2124,2124,2124,2124,0,0,0,0,10,0,0,0,0,0,0,0,100,0,0,0,0,8192,4234,34622,66,10,73049.69348144531,47754.19647216797,1631.345947265625,33293438976,8589930496,5322084352,1067827200
200,1774612579925,2124,2124,2124,2124,2124,2124,2124,2124,2124,2124,2124,2124,2124,2124,2124,2124,0,0,0,15.000000953674316,10,10,4.761904716491699,0,0,0,0,10.526315689086914,36.842105865478516,5,0,0,0,8192,4234,37983,68,18,73051.83715820313,47755.334411621094,1631.3543701171875,33293438976,8589930496,5405171712,1067827200
200,1774612580125,2124,2124,2124,2124,2124,2124,2124,2124,2124,2124,2124,2124,2124,2124,2124,2124,0,0,0,100,10,0,0,0,0,4.761904716491699,4.761904716491699,0,0,0,0,4.761904716491699,0,8192,4240,48860,68,80,73053.93920898438,47756.50085449219,1631.3543701171875,33293438976,8589930496,5405401088,1067827200
199,1774612580325,2124,2124,2124,2124,2124,2124,2124,2124,2124,2124,2124,2124,2124,2124,2124,2124,5,5,4.761904716491699,30.000001907348633,80,5,0,5,10,5,5,5,5,4.761904716491699,5,0,0,8192,4240,61469,69,88,73056.29565429688,47757.91198730469,1631.3543701171875,33293438976,8589930496,5409787904,1067827200
200,1774612580525,2124,2124,2124,2124,2124,2124,2124,2124,2124,2124,2124,2124,2124,2124,2124,2124,0,10,0,5,15.000000953674316,5,0,0,15.000000953674316,57.894737243652344,5,4.761904716491699,0,26.3157901763916,0,19.047618865966797,0,8192,4240,67446,69,88,73058.61846923828,47759.27716064453,1631.3543701171875,33293438976,8589930496,5404954624,1067827200
199,1774612580725,2124,2124,2124,2124,2124,2124,2124,2124,2124,2124,2124,2124,2124,2124,2124,2124,0,5,4.761904716491699,0,60.000003814697266,0,4.761904716491699,5,4.761904716491699,5,0,0,4.761904716491699,0,4.761904716491699,50,0,8192,4240,75563,69,87,73060.87396240234,47760.58526611328,1631.3543701171875,33293438976,8589930496,5405724672,1067827200
199,1774612580925,2124,2124,2124,2124,2124,2124,2124,2124,2124,2124,2124,2124,2124,2124,2124,2124,4.761904716491699,5,0,0,35,5,10,5,0,0,0,5,65,0,0,5,0,8192,4240,82791,69,88,73063.11322021484,47761.87872314453,1631.3543701171875,33293438976,8589930496,5405724672,1067827200
200,1774612581125,2124,2124,2124,2124,2124,2124,2124,2124,2124,2124,2124,2124,2124,2124,2124,2124,25,5,0,5,0,0,20,5.263157844543457,0,60.000003814697266,5,4.761904716491699,20,5,5.263157844543457,0,0,8192,4240,84068,69,87,73065.35144042969,47763.171936035156,1631.3543701171875,33293438976,8589930496,5403455488,1067827200
200,1774612581325,2124,2124,2124,2124,2124,2124,2124,2124,2124,2124,2124,2124,2124,2124,2124,2124,0,80,14.285715103149414,0,0,4.761904716491699,0,19.047618865966797,0,0,5,0,0,0,5,15.000000953674316,0,8192,4240,84703,69,87,73067.61163330078,47764.47772216797,1631.3543701171875,33293438976,8589930496,5404475392,1067827200
199,1774612581526,2124,2124,2124,2124,2124,2124,2124,2124,2124,2124,2124,2124,2124,2124,2124,2124,25,0,10.526315689086914,0,42.85714340209961,0,0,5.263157844543457,5,0,0,0,0,40,0,0,0,8192,4240,84816,69,88,73069.85931396484,47765.78839111328,1631.3543701171875,33293438976,8589930496,5389586432,1067827200
200,1774612581726,2124,2124,2124,2124,2124,2124,2124,2124,2124,2124,2124,2124,2124,2124,2124,2124,5.263157844543457,0,10,0,0,4.761904716491699,0,9.523809432983398,25,4.761904716491699,0,0,5,73.68421173095703,0,0,0,8192,4240,84734,69,87,73072.10919189453,47767.091735839844,1631.35498046875,33293438976,8589930496,5385924608,1067827200
200,1774612581926,2124,2124,2124,2124,2124,2124,2124,2124,2124,2124,2124,2124,2124,2124,2124,2124,5,25,10,5,4.761904716491699,0,5,0,10,5,5,4.761904716491699,0,0,45,40,0,8192,4240,84625,69,88,73074.33984375,47768.375244140625,1631.35498046875,33293438976,8589930496,5385924608,1067827200
200,1774612582126,2124,2124,2124,2124,2124,2124,2124,2124,2124,2124,2124,2124,2124,2124,2124,2124,10,5,14.285715103149414,4.761904716491699,5,0,0,60.000003814697266,0,0,0,26.3157901763916,10,5,15.000000953674316,0,0,8192,4240,84945,69,88,73076.6333618164,47769.722106933594,1631.35498046875,33293438976,8589930496,5385924608,1067827200
200,1774612582326,2124,2124,2124,2124,2124,2124,2124,2124,2124,2124,2124,2124,2124,2124,2124,2124,47.36842346191406,0,10.526315689086914,0,0,5,0,0,5,25,5,5,30.000001907348633,4.761904716491699,0,4.761904716491699,0,8192,4240,84904,70,88,73078.92279052734,47771.064025878906,1631.35498046875,33293438976,8589930496,5388570624,1067827200
200,1774612582526,2124,2124,2124,2124,2124,2124,2124,2124,2124,2124,2124,2124,2124,2124,2124,2124,4.761904716491699,0,50,4.761904716491699,0,0,0,0,5,60.000003814697266,0,4.761904716491699,5,0,10,10,0,8192,4240,84643,70,88,73081.1318359375,47772.330078125,1631.35498046875,33293438976,8589930496,5379223552,1067827200
200,1774612582726,2124,2124,2124,2124,2124,2124,2124,2124,2124,2124,2124,2124,2124,2124,2124,2124,0,5,14.285715103149414,0,5,0,0,4.761904716491699,0,0,5,0,4.761904716491699,0,0,100,0,8192,4240,84706,70,87,73083.38177490234,47773.62188720703,1631.35498046875,33293438976,8589930496,5371740160,1067827200
199,1774612582926,2124,2124,2124,2124,2124,2124,2124,2124,2124,2124,2124,2124,2124,2124,2124,2124,0,4.761904716491699,68.42105102539063,5,4.761904716491699,0,26.3157901763916,4.761904716491699,5.263157844543457,5,4.761904716491699,0,0,0,0,20,0,8192,4240,84667,70,89,73085.62158203125,47774.90686035156,1631.35498046875,33293438976,8589930496,5376729088,1067827200
200,1774612583127,2124,2124,2124,2124,2124,2124,2124,2124,2124,2124,2124,2124,2124,2124,2124,2124,4.761904716491699,5,5,5,5,5,14.285715103149414,15.000000953674316,4.761904716491699,10,5,5.263157844543457,5,0,5,89.47368621826172,0,8192,4240,84836,70,87,73087.93231201172,47776.280029296875,1631.35498046875,33293438976,8589930496,5376729088,1067827200
200,1774612583327,2124,2124,2124,2124,2124,2124,2124,2124,2124,2124,2124,2124,2124,2124,2124,2124,0,0,4.761904716491699,4.761904716491699,5,0,10,70,31.57894515991211,4.761904716491699,0,4.761904716491699,0,4.761904716491699,4.761904716491699,4.761904716491699,0,8192,4240,84763,70,87,73090.17260742188,47777.57385253906,1631.35498046875,33293438976,8589930496,5376724992,1067827200
200,1774612583527,2124,2124,2124,2124,2124,2124,2124,2124,2124,2124,2124,2124,2124,2124,2124,2124,0,0,5,0,0,0,60.000003814697266,0,55,5,5,0,4.761904716491699,0,0,0,0,8192,4240,84852,70,87,73092.41711425781,47778.86560058594,1631.355224609375,33293438976,8589930496,5364297728,1067827200
200,1774612583727,2124,2124,2124,2124,2124,2124,2124,2124,2124,2124,2124,2124,2124,2124,2124,2124,5,0,10,5,5,5,35,0,0,4.761904716491699,65,5,0,0,0,0,0,8192,4240,84626,70,88,73094.69934082031,47780.205139160156,1631.355224609375,33293438976,8589930496,5364555776,1067827200
199,1774612583927,2124,2124,2124,2124,2124,2124,2124,2124,2124,2124,2124,2124,2124,2124,2124,2124,5,0,0,0,0,10,10,0,4.761904716491699,5.263157844543457,20,75,0,0,0,0,0,8192,4240,84738,70,87,73096.94689941406,47781.51013183594,1631.355224609375,33293438976,8589930496,5365301248,1067827200
200,1774612584127,2124,2124,2124,2124,2124,2124,2124,2124,2124,2124,2124,2124,2124,2124,2124,2124,0,10,4.761904716491699,0,5,0,14.285715103149414,5,85,5,0,5,4.761904716491699,23.809524536132813,10,5,0,8192,4240,84835,70,88,73099.29705810547,47782.912658691406,1631.35595703125,33293438976,8589930496,5365301248,1067827200
200,1774612584327,2124,2124,2124,2124,2124,2124,2124,2124,2124,2124,2124,2124,2124,2124,2124,2124,0,4.761904716491699,0,4.761904716491699,10,0,10.526315689086914,0,5,0,30.000001907348633,0,0,70,0,0,0,8192,4240,84848,70,88,73101.55242919922,47784.22576904297,1631.35595703125,33293438976,8589930496,5365043200,1067827200
199,1774612584527,2124,2124,2124,2124,2124,2124,2124,2124,2124,2124,2124,2124,2124,2124,2124,2124,0,0,0,45,5,0,14.285715103149414,5,5,0,55,15.000000953674316,5,0,0,5,0,8192,4240,84629,70,87,73103.78387451172,47785.51647949219,1631.35595703125,33293438976,8589930496,5353648128,1067827200
200,1774612584727,2124,2124,2124,2124,2124,2124,2124,2124,2124,2124,2124,2124,2124,2124,2124,2124,4.761904716491699,35,0,30.000001907348633,0,5,10.526315689086914,0,0,0,0,0,4.761904716491699,0,40,5,0,8192,4240,84657,70,87,73106.03704833984,47786.82501220703,1631.35595703125,33293438976,8589930496,5349748736,1067827200
200,1774612584928,2124,2124,2124,2124,2124,2124,2124,2124,2124,2124,2124,2124,2124,2124,2124,2124,0,15.000000953674316,4.761904716491699,85,4.761904716491699,5,10,0,0,10,0,5,0,5,4.761904716491699,0,0,8192,4240,84635,70,86,73108.27917480469,47788.12518310547,1631.35595703125,33293438976,8589930496,5349748736,1067827200
199,1774612585128,2124,2124,2124,2124,2124,2124,2124,2124,2124,2124,2124,2124,2124,2124,2124,2124,5,5,0,5,0,0,10.526315689086914,9.523809432983398,85,10,20,5,0,5,0,5,0,8192,4240,84597,70,89,73110.6166381836,47789.51336669922,1631.35595703125,33293438976,8589930496,5349748736,1067827200
200,1774612585328,2124,2124,2124,2124,2124,2124,2124,2124,2124,2124,2124,2124,2124,2124,2124,2124,5,0,0,5,0,0,10,4.761904716491699,4.761904716491699,0,65,0,35,0,4.761904716491699,0,0,8192,4240,84731,70,88,73112.90948486328,47790.862731933594,1631.35595703125,33293438976,8589930496,5341491200,1067827200
200,1774612585528,2124,2124,2124,2124,2124,2124,2124,2124,2124,2124,2124,2124,2124,2124,2124,2124,9.523809432983398,0,5,5,52.38095474243164,5,20,0,0,0,5,5,50,0,0,0,0,8192,4240,84947,70,88,73115.1480102539,47792.152099609375,1631.35595703125,33293438976,8589930496,5330583552,1067827200
199,1774612585728,2124,2124,2124,2124,2124,2124,2124,2124,2124,2124,2124,2124,2124,2124,2124,2124,0,0,5,0,31.57894515991211,70,14.285715103149414,5,0,4.761904716491699,0,0,4.761904716491699,5,0,0,0,8192,4240,84740,70,89,73117.39447021484,47793.459533691406,1631.35595703125,33293438976,8589930496,5330841600,1067827200
200,1774612585928,2124,2124,2124,2124,2124,2124,2124,2124,2124,2124,2124,2124,2124,2124,2124,2124,0,0,10,5,4.761904716491699,52.38095474243164,10.526315689086914,0,5,0,0,5,52.6315803527832,0,5,5,0,8192,4240,84729,70,87,73119.70971679688,47794.831298828125,1631.35595703125,33293438976,8589930496,5327740928,1067827200
199,1774612586128,2124,2124,2124,2124,2124,2124,2124,2124,2124,2124,2124,2124,2124,2124,2124,2124,85,0,10,0,0,15.789472579956055,5,4.761904716491699,0,4.761904716491699,4.761904716491699,5,4.761904716491699,4.761904716491699,0,5,0,8192,4240,84865,70,87,73121.96252441406,47796.139892578125,1631.35595703125,33293438976,8589930496,5331296256,1067827200
200,1774612586328,2124,2124,2124,2124,2124,2124,2124,2124,2124,2124,2124,2124,2124,2124,2124,2124,5,0,15.000000953674316,0,4.761904716491699,25,0,0,35,0,0,45,0,0,0,0,0,8192,4240,84698,70,88,73124.17883300781,47797.41662597656,1631.35595703125,33293438976,8589930496,5331296256,1067827200
200,1774612586529,2124,2124,2124,2124,2124,2124,2124,2124,2124,2124,2124,2124,2124,2124,2124,2124,0,4.761904716491699,15.000000953674316,5,5.263157844543457,0,5,0,14.285715103149414,4.761904716491699,36.842105865478516,50,0,0,0,4.761904716491699,0,8192,4240,84616,70,88,73126.4169921875,47798.708923339844,1631.35595703125,33293438976,8589930496,5316628480,1067827200
199,1774612586729,2124,2124,2124,2124,2124,2124,2124,2124,2124,2124,2124,2124,2124,2124,2124,2124,0,0,10.526315689086914,0,0,4.761904716491699,0,5,0,0,5,31.57894515991211,5,70,5.263157844543457,0,0,8192,4240,84528,70,88,73128.67700195313,47800.02966308594,1631.35595703125,33293438976,8589930496,5316628480,1067827200
200,1774612586929,2124,2124,2124,2124,2124,2124,2124,2124,2124,2124,2124,2124,2124,2124,2124,2124,5,4.761904716491699,76.19047546386719,15.000000953674316,0,0,5,0,10,0,5.263157844543457,4.761904716491699,5,15.000000953674316,4.761904716491699,4.761904716491699,0,8192,4240,84678,70,87,73130.9556274414,47801.364807128906,1631.35595703125,33293438976,8589930496,5315850240,1067827200
200,1774612587129,2124,2124,2124,2124,2124,2124,2124,2124,2124,2124,2124,2124,2124,2124,2124,2124,0,0,5,0,10,60.000003814697266,10,4.761904716491699,5,9.523809432983398,19.047618865966797,0,0,35,0,0,0,8192,4240,84618,70,88,73133.25964355469,47802.72918701172,1631.35595703125,33293438976,8589930496,5311406080,1067827200
200,1774612587329,2124,2124,2124,2124,2124,2124,2124,2124,2124,2124,2124,2124,2124,2124,2124,2124,0,0,0,4.761904716491699,35,0,10,0,5,0,70,4.761904716491699,0,0,4.761904716491699,9.090909004211426,0,8192,4240,84762,70,88,73135.49645996094,47804.029724121094,1631.35595703125,33293438976,8589930496,5311406080,1067827200
200,1774612587529,2124,2124,2124,2124,2124,2124,2124,2124,2124,2124,2124,2124,2124,2124,2124,2124,5,5,4.761904716491699,0,47.36842346191406,0,60.000003814697266,5,0,0,0,0,14.285715103149414,5,0,0,0,8192,4240,84690,70,87,73137.705078125,47805.299255371094,1631.35595703125,33293438976,8589930496,5299314688,1067827200
199,1774612587729,2124,2124,2124,2124,2124,2124,2124,2124,2124,2124,2124,2124,2124,2124,2124,2124,0,0,10,4.761904716491699,4.761904716491699,5,31.57894515991211,52.38095474243164,4.761904716491699,4.761904716491699,10,0,5,15.000000953674316,0,4.761904716491699,0,8192,4240,84704,70,86,73139.93591308594,47806.58612060547,1631.35595703125,33293438976,8589930496,5293244416,1067827200
200,1774612587929,2124,2124,2124,2124,2124,2124,2124,2124,2124,2124,2124,2124,2124,2124,2124,2124,5,0,15.000000953674316,5,0,5,4.761904716491699,0,85,0,20,0,0,9.523809432983398,0,0,0,8192,4240,84671,70,89,73142.1527709961,47807.864318847656,1631.35595703125,33293438976,8589930496,5293244416,1067827200
200,1774612588130,2124,2124,2124,2124,2124,2124,2124,2124,2124,2124,2124,2124,2124,2124,2124,2124,5,10,10,0,5,0,0,5,0,0,0,4.761904716491699,19.047618865966797,0,5,85,0,8192,4240,84729,70,87,73144.43933105469,47809.20294189453,1631.35595703125,33293438976,8589930496,5291147264,1067827200
200,1774612588330,2124,2124,2124,2124,2124,2124,2124,2124,2124,2124,2124,2124,2124,2124,2124,2124,0,33.333335876464844,15.000000953674316,4.761904716491699,60.000003814697266,0,0,0,4.761904716491699,4.761904716491699,4.761904716491699,0,5.263157844543457,5,10.526315689086914,0,0,8192,4240,84746,70,87,73146.6870727539,47810.504455566406,1631.35595703125,33293438976,8589930496,5288734720,1067827200
200,1774612588530,2124,2124,2124,2124,2124,2124,2124,2124,2124,2124,2124,2124,2124,2124,2124,2124,5,52.6315803527832,10,0,0,4.761904716491699,0,5,5,0,0,4.761904716491699,0,5,4.761904716491699,50,0,8192,4240,84619,70,87,73148.95178222656,47811.82257080078,1631.35595703125,33293438976,8589930496,5275877376,1067827200
200,1774612588730,2124,2124,2124,2124,2124,2124,2124,2124,2124,2124,2124,2124,2124,2124,2124,2124,0,0,10,0,0,0,4.761904716491699,0,5.263157844543457,0,0,68.42105102539063,0,0,0,42.105262756347656,0,8192,4240,84838,70,88,73151.2294921875,47813.15606689453,1631.35595703125,33293438976,8589930496,5275332608,1067827200
200,1774612588930,2124,2124,2124,2124,2124,2124,2124,2124,2124,2124,2124,2124,2124,2124,2124,2124,5,5,95,4.761904716491699,4.761904716491699,5,0,0,9.523809432983398,0,0,20,5,0,0,0,0,8192,4240,84606,70,86,73153.47277832031,47814.45684814453,1631.35595703125,33293438976,8589930496,5275332608,1067827200
200,1774612589130,2124,2124,2124,2124,2124,2124,2124,2124,2124,2124,2124,2124,2124,2124,2124,2124,5.263157844543457,0,5,5,0,0,15.000000953674316,4.761904716491699,15.789472579956055,4.761904716491699,4.761904716491699,4.761904716491699,5,0,5,85,0,8192,4240,84886,70,87,73155.77526855469,47815.8095703125,1631.35595703125,33293438976,8589930496,5275332608,1067827200
200,1774612589330,2124,2124,2124,2124,2124,2124,2124,2124,2124,2124,2124,2124,2124,2124,2124,2124,0,5,0,0,4.761904716491699,0,14.285715103149414,5,66.66667175292969,0,5,0,0,0,35,0,0,8192,4240,84819,70,87,73157.99310302734,47817.089111328125,1631.35595703125,33293438976,8589930496,5275332608,1067827200
199,1774612589531,2124,2124,2124,2124,2124,2124,2124,2124,2124,2124,2124,2124,2124,2124,2124,2124,0,0,0,4.761904716491699,5,5,10.526315689086914,0,0,47.36842346191406,5,0,0,5,52.38095474243164,0,0,8192,4240,84678,70,88,73160.22875976563,47818.375732421875,1631.35595703125,33293438976,8589930496,5268930560,1067827200
200,1774612589731,2124,2124,2124,2124,2124,2124,2124,2124,2124,2124,2124,2124,2124,2124,2124,2124,65,5,0,0,0,4.761904716491699,10,4.761904716491699,5,35,0,0,0,0,0,4.761904716491699,0,8192,4240,84910,70,89,73162.46179199219,47819.670349121094,1631.35595703125,33293438976,8589930496,5252001792,1067827200
200,1774612589931,2124,2124,2124,2124,2124,2124,2124,2124,2124,2124,2124,2124,2124,2124,2124,2124,20,0,10,5,0,0,0,0,0,5,0,0,5,80,5,0,0,8192,4240,84581,70,88,73164.64752197266,47820.91143798828,1631.35595703125,33293438976,8589930496,5253292032,1067827200
200,1774612590131,2124,2124,2124,2124,2124,2124,2124,2124,2124,2124,2124,2124,2124,2124,2124,2124,5.263157844543457,5,15.000000953674316,5,5,9.523809432983398,9.523809432983398,5,0,85,5,21.052631378173828,0,5,5,5,0,8192,4240,84834,70,87,73166.94299316406,47822.26318359375,1631.35595703125,33293438976,8589930496,5253292032,1067827200
199,1774612590331,2124,2124,2124,2124,2124,2124,2124,2124,2124,2124,2124,2124,2124,2124,2124,2124,0,5,10,0,5,5,35,0,4.761904716491699,0,5,66.66667175292969,0,0,4.761904716491699,0,0,8192,4240,84848,70,87,73169.16918945313,47823.54968261719,1631.35595703125,33293438976,8589930496,5253292032,1067827200
200,1774612590531,2124,2124,2124,2124,2124,2124,2124,2124,2124,2124,2124,2124,2124,2124,2124,2124,0,5,10.526315689086914,0,0,0,52.38095474243164,5,0,4.761904716491699,0,0,5,0,0,50,0,8192,4240,84713,70,87,73171.41735839844,47824.852478027344,1631.35595703125,33293438976,8589930496,5239242752,1067827200
199,1774612590731,2124,2124,2124,2124,2124,2124,2124,2124,2124,2124,2124,2124,2124,2124,2124,2124,5,9.523809432983398,14.285715103149414,0,0,0,0,0,0,5,0,5,4.761904716491699,4.761904716491699,65,35,0,8192,4240,84765,70,88,73173.64611816406,47826.127990722656,1631.35595703125,33293438976,8589930496,5239242752,1067827200
200,1774612590931,2124,2124,2124,2124,2124,2124,2124,2124,2124,2124,2124,2124,2124,2124,2124,2124,0,5,10.526315689086914,4.761904716491699,5,0,0,84.21052551269531,0,0,4.761904716491699,5,0,10,20,5,0,8192,4240,84792,70,86,73175.8734741211,47827.41357421875,1631.35595703125,33293438976,8589930496,5239238656,1067827200
200,1774612591131,2124,2124,2124,2124,2124,2124,2124,2124,2124,2124,2124,2124,2124,2124,2124,2124,10,5.263157844543457,14.285715103149414,84.21052551269531,5,0,5,9.523809432983398,5,0,10.526315689086914,0,0,0,5,0,0,8192,4240,84820,70,88,73178.18933105469,47828.783630371094,1631.35595703125,33293438976,8589930496,5239238656,1067827200
200,1774612591332,2124,2124,2124,2124,2124,2124,2124,2124,2124,2124,2124,2124,2124,2124,2124,2124,5,4.761904716491699,5.263157844543457,33.333335876464844,0,5,0,0,55,5,23.809524536132813,0,4.761904716491699,0,4.761904716491699,0,0,8192,4240,84823,70,88,73180.44464111328,47830.099548339844,1631.35595703125,33293438976,8589930496,5241503744,1067827200
200,1774612591532,2124,2124,2124,2124,2124,2124,2124,2124,2124,2124,2124,2124,2124,2124,2124,2124,45,0,15.000000953674316,45,0,5,4.761904716491699,0,4.761904716491699,5.263157844543457,0,4.761904716491699,0,0,0,4.545454502105713,0,8192,4240,84666,70,88,73182.697265625,47831.41015625,1631.35595703125,33293438976,8589930496,5231403008,1067827200
200,1774612591732,2124,2124,2124,2124,2124,2124,2124,2124,2124,2124,2124,2124,2124,2124,2124,2124,40,36.842105865478516,15.000000953674316,0,4.761904716491699,0,0,5,0,4.761904716491699,5,30.000001907348633,0,0,0,0,0,8192,4240,84740,70,87,73184.96453857422,47832.73504638672,1631.35595703125,33293438976,8589930496,5228847104,1067827200
199,1774612591932,2124,2124,2124,2124,2124,2124,2124,2124,2124,2124,2124,2124,2124,2124,2124,2124,0,0,10,0,0,0,4.761904716491699,10,0,0,0,21.052631378173828,4.761904716491699,80,0,0,0,8192,4240,84720,70,85,73187.1898803711,47834.020751953125,1631.35595703125,33293438976,8589930496,5229105152,1067827200
200,1774612592132,2124,2124,2124,2124,2124,2124,2124,2124,2124,2124,2124,2124,2124,2124,2124,2124,10.526315689086914,5.263157844543457,10,61.904762268066406,0,9.523809432983398,0,0,5,38.095237731933594,4.761904716491699,0,5,10,5,5,0,8192,4240,84979,70,85,73189.4937133789,47835.369201660156,1631.35595703125,33293438976,8589930496,5230911488,1067827200
199,1774612592332,2124,2124,2124,2124,2124,2124,2124,2124,2124,2124,2124,2124,2124,2124,2124,2124,76.19047546386719,0,15.000000953674316,4.761904716491699,5,5,0,0,0,0,0,5,25,0,0,0,0,8192,4240,84748,70,87,73191.72955322266,47836.663146972656,1631.35595703125,33293438976,8589930496,5230911488,1067827200
200,1774612592532,2124,2124,2124,2124,2124,2124,2124,2124,2124,2124,2124,2124,2124,2124,2124,2124,0,0,10,0,0,0,5,5,42.85714340209961,0,4.761904716491699,0,60.000003814697266,0,5,0,0,8192,4240,84541,70,88,73193.96185302734,47837.952087402344,1631.35595703125,33293438976,8589930496,5215334400,1067827200
200,1774612592732,2124,2124,2124,2124,2124,2124,2124,2124,2124,2124,2124,2124,2124,2124,2124,2124,0,5,15.000000953674316,5.263157844543457,5,0,4.761904716491699,0,36.842105865478516,4.761904716491699,0,5,0,0,5.263157844543457,60.000003814697266,0,8192,4240,84760,70,88,73196.15478515625,47839.200744628906,1631.35595703125,33293438976,8589930496,5208567808,1067827200
200,1774612592933,2124,2124,2124,2124,2124,2124,2124,2124,2124,2124,2124,2124,2124,2124,2124,2124,4.761904716491699,0,10,0,5,4.761904716491699,0,0,4.761904716491699,4.761904716491699,75,5.263157844543457,5,0,4.761904716491699,25,0,8192,4240,84688,70,88,73198.3959350586,47840.493896484375,1631.35595703125,33293438976,8589930496,5224824832,1067827200
200,1774612593133,2124,2124,2124,2124,2124,2124,2124,2124,2124,2124,2124,2124,2124,2124,2124,2124,0,0,14.285715103149414,5,0,0,0,5,0,5.263157844543457,15.000000953674316,5,10,85,5,5,0,8192,4240,84867,70,88,73200.72369384766,47841.86993408203,1631.35595703125,33293438976,8589930496,5225082880,1067827200
199,1774612593333,2124,2124,2124,2124,2124,2124,2124,2124,2124,2124,2124,2124,2124,2124,2124,2124,5,5,10.526315689086914,4.761904716491699,26.3157901763916,0,0,0,4.761904716491699,5,0,0,75,5,0,0,0,8192,4240,84689,70,88,73202.95666503906,47843.15771484375,1631.35595703125,33293438976,8589930496,5225082880,1067827200
200,1774612593533,2124,2124,2124,2124,2124,2124,2124,2124,2124,2124,2124,2124,2124,2124,2124,2124,0,5,14.285715103149414,0,57.142860412597656,0,4.761904716491699,0,20,0,0,5,4.761904716491699,0,0,33.333335876464844,0,8192,4240,84704,70,88,73205.21392822266,47844.470153808594,1631.35595703125,33293438976,8589930496,5212270592,1067827200
21,1774612593733,2124,2124,2124,2124,2124,2124,2124,2124,2124,2124,2124,2124,2124,2124,2124,2124,0,0,5.263157844543457,5.263157844543457,0,0,5,4.761904716491699,5,0,25,0,0,5,0,40,0,8192,4240,81330,69,12,73207.16802978516,47845.43963623047,1631.3873291015625,33293438976,8589930496,5180723200,1067827200
